{
  "overall": "PASS",
  "frames_run": 1000,
  "training_steps": 984,
  "wall_clock_seconds": 60.33392381668091,
  "device": "cuda",
  "memory_bank_size": 1000,
  "checkpoint_saved": true,
  "checkpoint_path": "/mnt/c/Users/Jason/Desktop/Eridos/Weft/checkpoints/preflight.pt",
  "faiss_top1_self_score": 0.9999999403953552,
  "loss_next_summary": {
    "n": 984,
    "min": 0.013956488110125065,
    "max": 4.239731788635254,
    "mean": 1.3806164473687048,
    "median": 0.37908780574798584,
    "std": 1.5236372407317242
  },
  "loss_masked_summary": {
    "n": 984,
    "min": 0.011820672079920769,
    "max": 4.237077713012695,
    "mean": 1.3645293273976284,
    "median": 0.33378495275974274,
    "std": 1.5413151156734233
  },
  "grad_norm_summary": {
    "n": 984,
    "min": 1.3853516338889735,
    "max": 23.078632145528488,
    "mean": 8.66375961522735,
    "median": 6.29167208888976,
    "std": 6.861936593085146
  },
  "predicted_norm_summary": {
    "n": 984,
    "min": 20.712291717529297,
    "max": 58.77928924560547,
    "mean": 44.07200393444154,
    "median": 54.21338081359863,
    "std": 15.211566327122627
  },
  "encoder_emb_norm_summary": {
    "n": 1000,
    "min": 57.49478530883789,
    "max": 61.819908142089844,
    "mean": 58.76049764251709,
    "median": 58.69761657714844,
    "std": 0.5261371487288222
  },
  "loss_early_window_mean": 3.992817678451538,
  "loss_late_window_mean": 0.1048510567843914,
  "predicted_to_encoder_norm_ratio": 0.7500277516804511,
  "pass_criteria": {
    "no_nan_inf": true,
    "loss_decreased": true,
    "memory_bank_size_within_5pct": true,
    "checkpoint_saved": true,
    "stop_gradient_assertions_ok": true,
    "grad_norm_median_finite": true,
    "grad_norm_median_in_range": true,
    "predicted_norm_within_half_to_two_x": true,
    "faiss_index_and_retrieve_ok": true
  }
}